"first_name","last_name","email"
"Nell","Abdy","nabdyec4@fema.gov"
"Thomasine","Absolon","tabsolonomk@forbes.com"
"Ram","Acheson","racheson1ai@bloglovin.com"
"Pru","Achrameev","pachrameev2sr@example.com"
"Jandy","Adamowicz","jadamowiczb1w@clickbank.net"
"Kati","Adrian","kadrianeem@51.la"
"Orly","Aers","oaersx61@redcross.org"
"Bradney","Aglione","baglionee5n@usgs.gov"
"Mellicent","Ainslee","mainsleeir0@abc.net.au"
"Fergus","Aireton","fairetonq16@yellowpages.com"
"Ugo","Aldam","ualdamhnc@wikimedia.org"
"Fairlie","Allport","fallportjgi@php.net"
"Arvin","Ambroix","aambroixh9h@liveinternet.ru"
"Lorine","Ambrosini","lambrosinipff@bigcartel.com"
"Goddart","Ameer-Beg","gameerbeg74t@epa.gov"
"Clevie","Amor","camorfsk@networkadvertising.org"
"Issy","Andrieux","iandrieuxsj@dell.com"
"Ev","Angelo","eangelog9w@timesonline.co.uk"
"Griffy","Angelo","gangelolhl@howstuffworks.com"
"Sim","Annandale","sannandale8xb@edublogs.org"
"Starla","Anten","santenlc2@jiathis.com"
"Melloney","Antonutti","mantonuttiagw@free.fr"
"Skelly","Arnaudon","sarnaudon4mj@yahoo.com"
"Josselyn","Arthur","jarthurzlz@lulu.com"
"Garth","Ashington","gashington2p5@google.ru"
"Egan","Aspland","easplandfld@ihg.com"
"Mirabel","Atterley","matterleym75@netscape.com"
"Jonathan","Atwell","jatwellpvl@dagondesign.com"
"Clim","Axworthy","caxworthyygr@un.org"
"Brooks","Babbage","bbabbage10uw@qq.com"
"Giusto","Backe","gbacke1f@digg.com"
"Rodrick","Baguley","rbaguleypve@webs.com"
"Paten","Barfitt","pbarfittphy@cafepress.com"
"Amanda","Barth","abarth1282@mapy.cz"
"Gal","Barwise","gbarwisek2e@godaddy.com"
"Jasmine","Basili","jbasili9rg@redcross.org"
"Evelin","Bateman","ebatemanieh@gizmodo.com"
"Jaimie","Bazelle","jbazelleywd@mlb.com"
"Juliet","Beadles","jbeadlesti@time.com"
"Marabel","Beddie","mbeddieyai@yelp.com"
"Darnell","Beecham","dbeechampyj@ft.com"
"Sebastien","Beeck","sbeeckvvu@exblog.jp"
"Lina","Beet","lbeet9kh@cpanel.net"
"Keeley","Befroy","kbefroytg0@amazonaws.com"
"Davis","Begent","dbegentqca@bing.com"
"Brittany","Bein","bbeinc2o@dailymail.co.uk"
"Federica","Bellini","fbellinigpw@quantcast.com"
"Benton","Benbow","bbenbow2su@apple.com"
"Idalia","Benbrick","ibenbrickqxi@webs.com"
"Vinny","Berrill","vberrillgsu@phoca.cz"
"Artair","Betchley","abetchley4h@dagondesign.com"
"Evvie","Biddles","ebiddlesgbo@prnewswire.com"
"Molly","Bilston","mbilston8j9@nifty.com"
"Diena","Birt","dbirt3nl@independent.co.uk"
"Fidole","Blankett","fblankett6s1@over-blog.com"
"Nickolai","Blaycock","nblaycockwce@slashdot.org"
"Karie","Blenkinsopp","kblenkinsoppcro@blog.com"
"Corbett","Blincoe","cblincoeshe@domainmarket.com"
"Thorn","Blumfield","tblumfield9e8@google.ca"
"Benjamin","Bollom","bbollomuss@qq.com"
"Ervin","Bonde","ebonde3ty@fema.gov"
"Clarence","Boughton","cboughton9ti@redcross.org"
"Che","Boulding","cbouldingyrh@qq.com"
"Allyn","Boyn","aboynurm@oakley.com"
"Storm","Braganca","sbragancazy6@rakuten.co.jp"
"Ketty","Brastead","kbrastead4r6@tuttocitta.it"
"William","Bratt","wbrattlzp@quantcast.com"
"Harli","Brewett","hbrewettc2g@archive.org"
"Dannie","Briars","dbriarsotm@mit.edu"
"Lanny","Brickham","lbrickham6yr@ted.com"
"Brittani","Bridel","bbridelb84@springer.com"
"Deonne","Bridel","dbridel9h4@goo.ne.jp"
"Phil","Brilon","pbrilonoug@blog.com"
"Rafaello","Brimson","rbrimson53l@netvibes.com"
"Earl","Broad","ebroad2mg@sciencedaily.com"
"Byrann","Brockest","bbrockestdpt@jigsy.com"
"Teri","Brozsset","tbrozssetrtw@clickbank.net"
"Marielle","Brunicke","mbrunickem27@usa.gov"
"Hester","Buckel","hbuckel8y7@posterous.com"
"Hillie","Bullus","hbullus4ea@symantec.com"
"Leonhard","Burgoin","lburgoinhux@tripod.com"
"Merle","Buttwell","mbuttwelldnm@berkeley.edu"
"Travis","Cable","tcablev5l@usnews.com"
"Julieta","Caddie","jcaddiengc@accuweather.com"
"Arri","Cainey","acaineyvun@jimdo.com"
"Gerrie","Campo","gcampolv0@vimeo.com"
"Shae","Cannam","scannam12ij@ucla.edu"
"Lyndsey","Cappel","lcappelx2b@seattletimes.com"
"Noe","Capper","ncapperjmd@tripod.com"
"Brendis","Carayol","bcarayolpwz@tripadvisor.com"
"Ethelred","Carrodus","ecarrodusw2x@sciencedaily.com"
"Lezley","Carruthers","lcarruthersts5@wired.com"
"Consuela","Carwithan","ccarwithancm1@sbwire.com"
"Tessa","Casbourne","tcasbourne12hr@msn.com"
"Anastassia","Caseley","acaseley7kj@twitpic.com"
"Owen","Castagnone","ocastagnone567@slate.com"
"Glynn","Castana","gcastana58r@samsung.com"
"Brodie","Castenda","bcastendabo9@dmoz.org"
"Biddy","Cato","bcatoc5q@dedecms.com"
"Sallyanne","Caveney","scaveneyk4p@feedburner.com"
"Nicola","Challes","nchalleshz4@a8.net"
"Jillane","Charlet","jcharlet1yz@admin.ch"
"Jessey","Chevins","jchevinsfgg@sogou.com"
"Averil","Chipping","achippingkhr@mit.edu"
"Valentijn","Christoffels","vchristoffelsb8z@pcworld.com"
"Maurita","Churm","mchurmuab@wisc.edu"
"Ky","Cinelli","kcinelli110z@ca.gov"
"Mackenzie","Clair","mclaircks@jalbum.net"
"Cal","Clery","cclerywqx@163.com"
"Banky","Cleyburn","bcleyburnuv2@statcounter.com"
"Kort","Clitsome","kclitsomeawq@nih.gov"
"Dante","Clorley","dclorleyftg@nbcnews.com"
"Timothy","Clowney","tclowney5aj@hud.gov"
"Christin","Cobby","ccobbyg01@bing.com"
"Nikki","Cohani","ncohaniar0@tuttocitta.it"
"Lucina","Conibear","lconibearm5f@skype.com"
"Cirstoforo","Conley","cconleytqz@networkadvertising.org"
"Vasili","Copestick","vcopestickcln@hostgator.com"
"Ody","Coram","ocoramdrf@1und1.de"
"Mufi","Cordelle","mcordelle11zk@alexa.com"
"Sapphire","Corriea","scorrieavfx@last.fm"
"Genni","Cosgreave","gcosgreaveb3g@163.com"
"Eugenie","Couldwell","ecouldwellj4n@sciencedirect.com"
"Lazaro","Coultish","lcoultishtui@linkedin.com"
"Cy","Cowburn","ccowburnpi3@indiegogo.com"
"Paolina","Cowles","pcowlesp9u@alexa.com"
"Queenie","Creenan","qcreenanw1p@accuweather.com"
"Paquito","Creser","pcreser10og@nbcnews.com"
"Edgar","Crickmore","ecrickmore9b0@canalblog.com"
"Maia","Cripps","mcrippscut@jimdo.com"
"Lock","Cristea","lcristeaywn@shutterfly.com"
"Zondra","Cristofol","zcristofolxtj@cnet.com"
"Sam","Crolla","scrolla4se@oaic.gov.au"
"Robby","Crook","rcrookvd5@wisc.edu"
"Gaelan","Crossthwaite","gcrossthwaiteruo@bloomberg.com"
"Louise","Croughan","lcroughan1156@buzzfeed.com"
"Danica","Croxon","dcroxone8b@alexa.com"
"Dari","Cruwys","dcruwys12je@hao123.com"
"Ethe","Curless","ecurlessbjs@google.com.hk"
"Ogden","Cusack","ocusackq82@ovh.net"
"Colette","Cuttings","ccuttings1272@mysql.com"
"Jephthah","Dafydd","jdafyddwfd@mashable.com"
"Kearney","Dain","kdaineze@live.com"
"Clem","Danbi","cdanbi4ql@prweb.com"
"Cecilius","Danbrook","cdanbrookkrp@surveymonkey.com"
"Wilfrid","Danihelka","wdanihelkac80@amazonaws.com"
"Lindon","Dawby","ldawbyjds@ft.com"
"Gannie","Dearle","gdearle6pz@yellowbook.com"
"Brandais","Dearle-Palser","bdearlepalser8hy@dion.ne.jp"
"Emmaline","Dehm","edehm1041@dailymail.co.uk"
"Lucille","Delamar","ldelamarjjc@cbc.ca"
"Padget","Dell Casa","pdellcasapf2@intel.com"
"Hashim","Delleschi","hdelleschit4i@linkedin.com"
"Rebekah","Deluce","rdelucer3v@netlog.com"
"Casey","Deme","cdemeb54@census.gov"
"Jeanna","De Metz","jdemetzr70@bizjournals.com"
"Cesya","Denning","cdenning8w2@multiply.com"
"Ketti","Deport","kdeport6rq@imageshack.us"
"Terza","Dericut","tdericut12y@google.it"
"Michel","De Santos","mdesantosfqq@wikimedia.org"
"Gladys","des Remedios","gdesremediosu9y@goo.ne.jp"
"Abelard","De Vere","adevereea9@mapy.cz"
"Marthe","D'eye","mdeyee6l@purevolume.com"
"Kevan","Diamant","kdiamanthjr@aboutads.info"
"Zared","Di Batista","zdibatistaqck@i2i.jp"
"Farah","Diess","fdiessv6p@dailymail.co.uk"
"Deva","Dobie","ddobie3v2@taobao.com"
"Allison","Docksey","adockseyz8w@wsj.com"
"Bartholomeo","Doers","bdoers3sa@jigsy.com"
"Rockie","Dog","rdog3yu@patch.com"
"Harp","Domeny","hdomenyrg7@ft.com"
"Pier","Dongate","pdongater2p@walmart.com"
"Alvira","D'Orsay","adorsayca5@time.com"
"Akim","Downse","adownsetjj@zdnet.com"
"Katya","Dreigher","kdreigherfmn@t-online.de"
"Olive","Drewe","odrewerf7@lulu.com"
"Barbette","Drohan","bdrohanhlu@wufoo.com"
"Duffie","Duesbury","dduesbury385@blogspot.com"
"Gaspar","Duffett","gduffettldi@vkontakte.ru"
"Mauricio","Dumingo","mdumingo116q@symantec.com"
"Gordon","Duprey","gdupreyaql@gnu.org"
"Rivkah","Dyhouse","rdyhouse10lv@gnu.org"
"Jeane","Dyka","jdykag7w@disqus.com"
"Garner","Dymocke","gdymockejmf@topsy.com"
"Row","Eagling","reaglingvtt@scientificamerican.com"
"Saul","Earwaker","searwakerlai@nytimes.com"
"Linus","Eason","leason8ht@ning.com"
"Lena","Easseby","leasseby2n3@independent.co.uk"
"Rosa","Eastmead","reastmead11vm@google.ru"
"Iseabal","Ebden","iebden4ev@disqus.com"
"Kass","Eberts","kebertscpe@domainmarket.com"
"Freedman","Ebsworth","febsworthxy8@netscape.com"
"Arv","Echallier","aechallier10a6@chron.com"
"Tina","Eddins","teddinsqk2@ftc.gov"
"Dorry","Ede","dedeqc1@godaddy.com"
"Karoly","Edess","kedessq26@indiatimes.com"
"Dulcine","Edgcombe","dedgcombe4db@ocn.ne.jp"
"Caterina","Edgecumbe","cedgecumbe7lg@mlb.com"
"Leena","Edmeades","ledmeades100b@marriott.com"
"Ddene","Egle of Germany","degleofgermanydpj@discuz.net"
"Deanna","Eliet","delieto0b@nifty.com"
"Berke","Elion","belionr6x@census.gov"
"Caril","Ellicombe","cellicombe6g3@ucla.edu"
"Alejandra","Elloway","aellowayikq@msn.com"
"Francklin","Ellsom","fellsomsr3@pbs.org"
"Carlotta","Emblin","cemblinrtt@simplemachines.org"
"Everard","Emson","eemsonqbk@mac.com"
"Aldis","Enriquez","aenriquez4p0@drupal.org"
"Dorey","Enstone","denstonechv@amazonaws.com"
"Delphinia","Entwhistle","dentwhistleuxv@blinklist.com"
"Ash","Ephson","aephsonv3j@amazon.de"
"Conrado","Escoffier","cescoffierz1@va.gov"
"Perceval","Escreet","pescreetr9q@symantec.com"
"Verge","Esel","veselad@vistaprint.com"
"Davy","Ethridge","dethridgeb0n@chicagotribune.com"
"Betta","Fahrenbach","bfahrenbachjz8@census.gov"
"Orren","Fairpool","ofairpoolkbq@cyberchimps.com"
"Averyl","Farryn","afarryno38@plala.or.jp"
"Erna","Fateley","efateleymzw@gmpg.org"
"Fionna","Fayne","ffaynec30@imdb.com"
"Mortie","Feares","mfearesl10@nhs.uk"
"Nert","Felgate","nfelgate797@utexas.edu"
"Enos","Fernant","efernant9od@ted.com"
"Gustavo","Fibbens","gfibbenszwp@chronoengine.com"
"Gale","Figurski","gfigurski10pw@webmd.com"
"Maire","Filyakov","mfilyakov6a7@taobao.com"
"Annalise","Fiorentino","afiorentino23y@acquirethisname.com"
"Magdalene","Focke","mfockev67@vinaora.com"
"Terrence","Forder","tforderffm@china.com.cn"
"Sim","Formie","sformiehlj@cdbaby.com"
"Merill","Forsdicke","mforsdickev4o@imageshack.us"
"Wilona","Forster","wforster10cn@hhs.gov"
"Bradney","Forty","bfortyz7h@wikia.com"
"Lesley","Fouch","lfouch41m@yellowbook.com"
"Kettie","Fouracre","kfouracreldq@macromedia.com"
"Davin","Foy","dfoy68d@msn.com"
"Devland","Frear","dfrearzon@salon.com"
"Ninnetta","Fredson","nfredson7a4@ca.gov"
"Leanor","Frenzl","lfrenzlwy4@tamu.edu"
"Gates","Frichley","gfrichleyzwu@live.com"
"Rosie","Fulcher","rfulcher6ee@bravesites.com"
"Lari","Furnival","lfurnivalyo7@geocities.jp"
"Kelcey","Furphy","kfurphyxz6@reverbnation.com"
"Fanni","Gaitone","fgaitone288@weather.com"
"Carlynn","Ganforth","cganforth3ne@purevolume.com"
"Mallory","Garret","mgarretmux@narod.ru"
"Gena","Garric","ggarriclud@bluehost.com"
"Bernetta","Garwood","bgarwoodftv@goo.gl"
"Ellwood","Gatchel","egatchelohw@nba.com"
"Daphna","Gather","dgatherx51@wikispaces.com"
"Lindon","Gauntley","lgauntley3ul@mayoclinic.com"
"Elayne","Gavozzi","egavozzitq8@moonfruit.com"
"Kore","Gaymar","kgaymar80s@tumblr.com"
"Jules","Gellett","jgellett9g0@trellian.com"
"Brion","Gendrich","bgendrichgsf@google.com"
"Marylou","Gerhold","mgerhold2s7@dailymail.co.uk"
"Paxton","Gheeraert","pgheeraertrjd@bravesites.com"
"Aldrich","Ghidetti","aghidettiuui@cnn.com"
"Petunia","Ghio","pghiopa3@timesonline.co.uk"
"Morry","Gidney","mgidneykc3@ox.ac.uk"
"Hadleigh","Gilffilland","hgilffilland296@cbslocal.com"
"Gertrude","Giorgini","ggiorginic79@yahoo.co.jp"
"Barton","Giraldo","bgiraldoh5g@tumblr.com"
"Alyse","Gittose","agittosekxy@youtu.be"
"Mira","Glasby","mglasby3z7@google.de"
"Etheline","Gledstane","egledstane7rm@google.ca"
"Eunice","Gocher","egocherqu5@google.fr"
"Coralie","Godmar","cgodmarylr@merriam-webster.com"
"Cassondra","Golthorpp","cgolthorpp4pc@vimeo.com"
"Cherice","Gooddy","cgooddys8m@wired.com"
"Ky","Gooddy","kgooddy5oo@weibo.com"
"Danica","Goodey","dgoodey11wj@mozilla.com"
"Sherwood","Gorcke","sgorckemj0@icq.com"
"Malinde","Gosenell","mgosenellczp@stumbleupon.com"
"Ebenezer","Gouda","egoudaewm@sitemeter.com"
"Inesita","Gowland","igowland11i8@barnesandnoble.com"
"Templeton","Graffham","tgraffhamail@goo.gl"
"Henriette","Grcic","hgrcicy53@uol.com.br"
"Derril","Greber","dgreber7uf@utexas.edu"
"Melisande","Greenhead","mgreenheadtsp@youtu.be"
"Nappie","Greenland","ngreenlandfey@cyberchimps.com"
"Polly","Greenshiels","pgreenshielsa6z@yale.edu"
"Marys","Grimstead","mgrimstead4a2@sohu.com"
"Ly","Gripton","lgriptonfrh@canalblog.com"
"Clevie","Grundey","cgrundeysa5@epa.gov"
"Deerdre","Gull","dgullkhp@edublogs.org"
"Hilliard","Gunnell","hgunnell11f8@intel.com"
"Leif","Gunston","lgunston7e6@ihg.com"
"Zaccaria","Gutcher","zgutchersle@scribd.com"
"Maure","Gwillym","mgwillym93p@mit.edu"
"Elane","Halfhyde","ehalfhydeqdr@patch.com"
"Pauli","Halpine","phalpinebbl@miitbeian.gov.cn"
"Fernanda","Haney`","fhaney1fn@geocities.com"
"Thomas","Hardbattle","thardbattle3ir@slashdot.org"
"Eldon","Hardwin","ehardwinaod@spiegel.de"
"Mikaela","Harfleet","mharfleetyj1@hostgator.com"
"Kyla","Hartle","khartlef2z@xrea.com"
"Hersch","Haselhurst","hhaselhurstg5v@unc.edu"
"Miner","Hassin","mhassinxys@apple.com"
"Danice","Hasted","dhastedzj1@eventbrite.com"
"Kory","Havenhand","khavenhand55e@europa.eu"
"Irwinn","Hawket","ihawketz2s@moonfruit.com"
"Giffer","Headon","gheadon2nm@toplist.cz"
"Ayn","Hearse","ahearseec2@nyu.edu"
"Nappy","Hearson","nhearson6wh@state.tx.us"
"Davis","Hebden","dhebdenfwu@vistaprint.com"
"Johanna","Hedworth","jhedworthdvl@mtv.com"
"Urbain","Heffy","uheffy10f2@ning.com"
"Nissie","Height","nheightgzj@upenn.edu"
"Janella","Helbeck","jhelbeck5o4@chron.com"
"Timothea","Held","theldsdw@about.me"
"Yulma","Helling","yhellingsrk@alexa.com"
"Killy","Hendrix","khendrixomp@smh.com.au"
"Fenelia","Hercock","fhercocktkv@unesco.org"
"Mark","Hilldrop","mhilldrop11ov@themeforest.net"
"Alfredo","Hobbema","ahobbemaq0j@over-blog.com"
"Carolann","Hodgen","chodgen7t2@blogs.com"
"Merle","Hollier","mhollierlji@wisc.edu"
"Roberto","Hollier","rhollierpkq@dion.ne.jp"
"Lissy","Hooks","lhooks4vc@bloomberg.com"
"Alidia","Houchin","ahouchinht4@yahoo.co.jp"
"Tailor","Houlridge","thoulridge7pj@studiopress.com"
"Albina","Hoys","ahoysol7@narod.ru"
"Mame","Huke","mhuke76w@wordpress.com"
"Whitaker","Hurkett","whurkettvyi@state.tx.us"
"Jarred","Hyndes","jhyndes7er@simplemachines.org"
"Shanta","Ibbitt","sibbittu59@chron.com"
"Hedvig","Iddon","hiddonbi0@cloudflare.com"
"Zabrina","Imlen","zimlenzje@liveinternet.ru"
"Antonina","Impey","aimpey10tv@is.gd"
"Liuka","Ingleton","lingletono99@theguardian.com"
"Alphard","Insley","ainsleyq2y@angelfire.com"
"Gabby","Ireland","gireland8ku@apple.com"
"Marline","Isaq","misaq9kw@reference.com"
"Clemente","Ishaki","cishakigft@cnet.com"
"Kirsteni","Isted","kistedxqq@cbc.ca"
"Dante","Itskovitz","ditskovitz68s@facebook.com"
"Abel","Ivancevic","aivancevic84q@redcross.org"
"Alli","Jacomb","ajacombjro@patch.com"
"Melba","Jagger","mjaggernww@prlog.org"
"Olga","Janaszkiewicz","ojanaszkiewiczgfr@dedecms.com"
"Filberte","Jannequin","fjannequin9zq@sogou.com"
"Meade","Jannex","mjannexkyi@ibm.com"
"Lincoln","Jeacock","ljeacockfiv@networkadvertising.org"
"Rozina","Jeal","rjealb9@howstuffworks.com"
"Sergeant","Jeannaud","sjeannaudbo5@samsung.com"
"Weidar","Jeffries","wjeffriesals@technorati.com"
"Katey","Jellman","kjellmanvyb@scientificamerican.com"
"Enrichetta","Jimson","ejimsonji8@merriam-webster.com"
"Alejandra","Jinda","ajinda3hy@w3.org"
"Jarid","Jiru","jjiruxsk@google.fr"
"Bennie","Jizhaki","bjizhaki5zc@scribd.com"
"Gaylor","Jochen","gjochend1j@123-reg.co.uk"
"Dael","Joder","djodery5y@pagesperso-orange.fr"
"Jocelin","Jonsson","jjonsson10ce@technorati.com"
"Erena","Jorn","ejornydr@surveymonkey.com"
"Zackariah","Josefsohn","zjosefsohntws@google.nl"
"Sheffield","Jowle","sjowleew6@ftc.gov"
"Tommi","Kearley","tkearleyyj5@gravatar.com"
"Debbi","Kelcher","dkelcher3wg@vistaprint.com"
"Cele","Kelsow","ckelsowo0v@sourceforge.net"
"Claudie","Kemme","ckemmex9s@census.gov"
"Rick","Kemsley","rkemsley11t6@oracle.com"
"Jaymie","Kernaghan","jkernaghandtu@github.com"
"Mayer","Kernocke","mkernockef6y@studiopress.com"
"Zacharia","Keuneke","zkeuneke12d3@scientificamerican.com"
"Allistir","Khilkov","akhilkovczy@seattletimes.com"
"Melloney","Kimbell","mkimbellne6@sun.com"
"Beverlee","Kindle","bkindle12gr@pbs.org"
"Dulcie","Kinnie","dkinniega8@histats.com"
"Tasia","Kippen","tkippen9za@facebook.com"
"Cherida","Kirkhouse","ckirkhousew9m@1688.com"
"Eduino","Kitchinham","ekitchinhamcpf@shop-pro.jp"
"Vivyan","Kite","vkite3rf@i2i.jp"
"Mort","Kleinzweig","mkleinzweigmqz@globo.com"
"Pablo","Knok","pknokzkr@blogspot.com"
"Elna","Knowlden","eknowldenq7h@census.gov"
"Ellery","Kock","ekock33c@nifty.com"
"Pierson","Koenraad","pkoenraadrey@wix.com"
"Jozef","Kondratowicz","jkondratowiczgg4@quantcast.com"
"Shanan","Konzel","skonzelz4c@hugedomains.com"
"Ellswerth","Kopp","ekoppura@tumblr.com"
"Sly","Korneev","skorneev8ro@usatoday.com"
"Hillary","Kosel","hkoseluhg@gnu.org"
"Xever","Kurth","xkurth7on@php.net"
"Shalna","Labat","slabat8sh@t.co"
"Kennett","Labell","klabellej2@google.ca"
"Nappie","Labusquiere","nlabusquieres4n@sfgate.com"
"Erin","Ladbrook","eladbrookshq@google.co.jp"
"Nettle","Ladson","nladson8ul@sina.com.cn"
"Emeline","Laise","elaisei90@harvard.edu"
"Ellery","Lally","elallyhr8@vkontakte.ru"
"Sunny","Lambell","slambellsml@icio.us"
"Albie","Larham","alarhamdxi@sfgate.com"
"Frederica","Laughrey","flaughrey11x5@bloomberg.com"
"Bogart","Lebond","blebondp9k@scribd.com"
"Trenna","Leere","tleere299@nhs.uk"
"Brannon","Leidl","bleidlraj@mozilla.org"
"Maria","Leindecker","mleindeckermrn@netvibes.com"
"Agna","Le Maitre","alemaitre8zj@blogs.com"
"Jessee","Lemmen","jlemmenf6c@google.co.jp"
"Shelden","Lenthall","slenthallboo@fc2.com"
"Sadye","Leuchars","sleucharsi7k@japanpost.jp"
"Herta","Libby","hlibbynhh@deliciousdays.com"
"Emerson","Lightbown","elightbowny26@twitpic.com"
"Kaiser","Lilleycrop","klilleycrophhb@shutterfly.com"
"Inesita","Lillo","ilillorqt@goo.gl"
"Obie","Linn","olinnbli@booking.com"
"Cari","Linner","clinnermvt@tmall.com"
"Barbabas","Lissaman","blissaman87o@weather.com"
"Alvera","Livzey","alivzeyu5s@fastcompany.com"
"Fin","Lockney","flockneyiw5@histats.com"
"Branden","Lodo","blodop2i@google.com.au"
"Dermot","Lodwick","dlodwickpqw@wp.com"
"Minnie","Lopez","mlopezqib@creativecommons.org"
"Allix","Lothean","alotheanya4@homestead.com"
"Danika","Lough","dloughabx@skype.com"
"Cyrille","Loughran","cloughran285@omniture.com"
"Bathsheba","Lovemore","blovemorezvh@indiegogo.com"
"Alexei","Lowe","alowegjg@discovery.com"
"Catlaina","Loyndon","cloyndonj9c@ihg.com"
"Davis","Luckman","dluckmanyfr@baidu.com"
"Abdel","Lurcock","alurcockpbb@github.com"
"Letitia","Lyles","llylesh26@disqus.com"
"Donielle","Lynes","dlynes1x4@mediafire.com"
"Thelma","Lyte","tlytepqh@hhs.gov"
"Romola","MacChaell","rmacchaell6bp@godaddy.com"
"Sasha","Macconaghy","smacconaghyrjc@pcworld.com"
"Town","Maccrea","tmaccrea5wx@purevolume.com"
"Kaila","MacGillicuddy","kmacgillicuddy3nn@slate.com"
"Kathye","MacGinlay","kmacginlayryq@quantcast.com"
"Ali","MacIllrick","amacillrickhgd@php.net"
"Lucita","MacKibbon","lmackibbon9q3@xrea.com"
"Lindsey","Madsen","lmadsen1013@qq.com"
"Milzie","Makeswell","mmakeswellsv5@nasa.gov"
"Lucita","Malkin","lmalkin1274@topsy.com"
"Harris","Mallebone","hmallebonegkz@mtv.com"
"Hollyanne","Mallion","hmalliongop@un.org"
"Gregoire","Marciek","gmarciek182@washington.edu"
"Hobard","Mariet","hmarietw1g@histats.com"
"Ennis","Marqyes","emarqyesq1r@bandcamp.com"
"Kathlin","Mates","kmates12dp@so-net.ne.jp"
"Diego","Mathie","dmathier13@vinaora.com"
"Esta","Matteucci","ematteucciztn@reverbnation.com"
"Nalani","Matthessen","nmatthessenyza@wikimedia.org"
"Pall","Matthias","pmatthiasdmo@nhs.uk"
"Sherie","Matthias","smatthiasbl8@guardian.co.uk"
"Artie","Mattimoe","amattimoeux5@cdbaby.com"
"Fredia","Maxwaile","fmaxwaile11ae@state.gov"
"Nealson","Maytom","nmaytommmh@go.com"
"Joelie","McAline","jmcaline1pu@csmonitor.com"
"Junie","McAllen","jmcallenqrw@un.org"
"Papagena","McAnellye","pmcanellye68i@si.edu"
"Adriane","McCaffery","amccafferyaj8@weebly.com"
"Arty","McCall","amccalloy4@drupal.org"
"Sherrie","McClenaghan","smcclenaghanorw@bluehost.com"
"Gwyneth","McCobb","gmccobbxm@addtoany.com"
"Anne-corinne","McCole","amccole6q3@nationalgeographic.com"
"Carolyne","McCrory","cmccroryh4d@usa.gov"
"Hyacinthie","McElhargy","hmcelhargym9y@over-blog.com"
"Verge","McElroy","vmcelroyhl1@tripod.com"
"Haley","McFadin","hmcfadinxm4@ft.com"
"Ced","McFarland","cmcfarlandfpd@nhs.uk"
"Alister","McGahy","amcgahyfe9@cdbaby.com"
"Dorry","McGinnell","dmcginnelljly@amazon.com"
"Derry","McGiven","dmcgiven2ab@cornell.edu"
"Caren","McGuigan","cmcguiganlzd@wix.com"
"Liane","McKenna","lmckennaj65@issuu.com"
"Dukey","McKissack","dmckissack8bk@va.gov"
"Arnie","McMeekan","amcmeekanr6o@deliciousdays.com"
"Helga","McMillan","hmcmillan8bq@sakura.ne.jp"
"Aeriel","McMorland","amcmorland103m@elpais.com"
"Molli","McNaughton","mmcnaughtonrit@shareasale.com"
"Orin","McNerlin","omcnerlinse3@walmart.com"
"Bobbie","McPaike","bmcpaike5qe@odnoklassniki.ru"
"Pieter","McPhillimey","pmcphillimeyj3f@yale.edu"
"Hugibert","McSpirron","hmcspirronfwb@hugedomains.com"
"Rowena","Meaking","rmeakingtx0@ask.com"
"Karlyn","Mechan","kmechanzpe@bigcartel.com"
"Darrin","Meier","dmeier4g2@artisteer.com"
"Adelbert","Mellish","amellish56f@themeforest.net"
"Zollie","Mellish","zmellishuvi@ow.ly"
"Odey","Menco","omencof8c@yolasite.com"
"Trixie","Mennear","tmennear123l@i2i.jp"
"Berky","Merdew","bmerdew9yk@nba.com"
"Ciro","Merkle","cmerklechc@tumblr.com"
"Frederich","Merrison","fmerrisonqpv@theguardian.com"
"Gaynor","Merrison","gmerrison11s8@jalbum.net"
"Clarette","Merryweather","cmerryweather3zy@sitemeter.com"
"Felic","Michel","fmichelwl9@si.edu"
"Rudolf","Minerdo","rminerdozvj@ft.com"
"Eolande","Misken","emisken9i8@ucla.edu"
"Axe","Mixter","amixter5ba@who.int"
"Mona","Mocker","mmockerz4x@uol.com.br"
"Lorin","Moizer","lmoizer91l@sphinn.com"
"Desiree","Molesworth","dmolesworth7f2@newsvine.com"
"Barbra","Molines","bmolinestsx@histats.com"
"Misty","Molines","mmolineswnq@edublogs.org"
"Dede","Morrell","dmorrell7j1@instagram.com"
"Magnum","Mourton","mmourton11du@economist.com"
"Dietrich","Muldownie","dmuldownieaco@mit.edu"
"Analise","Mullany","amullany8vz@xrea.com"
"Ervin","Mungin","emungin7ki@vistaprint.com"
"Whitby","Murrum","wmurrumw6x@ehow.com"
"Clemens","Naul","cnaulfsi@alexa.com"
"Eirena","Neely","eneelytls@meetup.com"
"Christy","Nelthrop","cnelthrop11lc@blogs.com"
"Cybil","Noke","cnokecn@jigsy.com"
"Jammal","Norssister","jnorssisterq1m@time.com"
"Simonette","Nystrom","snystrom116f@fc2.com"
"Brit","O'Corrigane","bocorriganepyt@geocities.com"
"Danna","O'Dunneen","dodunneenmte@google.cn"
"Jedediah","O'Moylan","jomoylangak@zdnet.com"
"Ebenezer","Ondra","eondraxyb@quantcast.com"
"Evy","Onthank","eonthankkr9@yelp.com"
"Garald","Ortas","gortasoqs@yellowbook.com"
"Maddy","Osbidston","mosbidstondb0@google.co.uk"
"Shanon","Osbourne","sosbourne7yn@paypal.com"
"Nikolia","Osipov","nosipovnfu@pen.io"
"Dorri","Ovendale","dovendaleaof@google.com.hk"
"Marilin","Page","mpageilc@etsy.com"
"Cart","Pagram","cpagram6sf@issuu.com"
"Madelon","Paice","mpaice85f@furl.net"
"Sindee","Parfett","sparfettwnv@ezinearticles.com"
"Karen","Parramore","kparramorelo6@imageshack.us"
"Daffy","Patrono","dpatronompv@cornell.edu"
"Allin","Pawlyn","apawlyn11gk@bandcamp.com"
"Borg","Pawnsford","bpawnsford3of@addthis.com"
"Pancho","Pedri","ppedrioml@google.com"
"Neils","Pedrick","npedrick23s@icq.com"
"Wilfred","Pendall","wpendallzeq@friendfeed.com"
"Farlie","Peoples","fpeoplesxuk@sun.com"
"Dionysus","Pepye","dpepyeuha@nhs.uk"
"Christan","Petrelluzzi","cpetrelluzziva1@alexa.com"
"Ralina","Petronis","rpetroniskp1@wiley.com"
"Hulda","Petty","hpettyx0x@redcross.org"
"Hetti","Pettyfer","hpettyfer4a7@php.net"
"Raynard","Philo","rphilonhd@amazon.co.jp"
"Lillis","Philot","lphilotaoh@shareasale.com"
"Emilio","Pieper","epieperocg@hatena.ne.jp"
"Liam","Pimm","lpimm24e@instagram.com"
"Bordy","Pitkethly","bpitkethly2im@godaddy.com"
"Jose","Pitson","jpitsonf08@merriam-webster.com"
"Ruprecht","Plues","rplues1st@digg.com"
"Jarrett","Pods","jpodsmja@opera.com"
"Dalton","Polini","dpolinib3k@miitbeian.gov.cn"
"Ronalda","Pollok","rpollokf4q@twitpic.com"
"Jarrad","Pontin","jpontinuj4@godaddy.com"
"Shaughn","Port","sportpwh@shop-pro.jp"
"Reba","Poulett","rpoulett6ma@cocolog-nifty.com"
"Joe","Pratley","jpratleywmc@amazon.co.uk"
"Erin","Praton","epratongtp@cbsnews.com"
"Kessiah","Prescott","kprescotthdw@amazonaws.com"
"Henrik","Prichet","hprichetqvr@globo.com"
"Urson","Propper","upropperq03@engadget.com"
"Saxe","Provis","sprovis6et@dyndns.org"
"Cybill","Qualtrough","cqualtrough11wh@vkontakte.ru"
"Shelby","Quincee","squinceesf1@youtu.be"
"Cheston","Rabjohns","crabjohnsnuq@scribd.com"
"Nonnah","Raffin","nraffin5yq@ucoz.ru"
"Parnell","Raffles","praffles11x2@wikipedia.org"
"Zebedee","Rahill","zrahill1v9@multiply.com"
"Auberon","Ramsay","aramsayrxh@paginegialle.it"
"Teador","Reding","tredinghfh@youtube.com"
"Bette","Reeman","breeman11sd@over-blog.com"
"Tori","Reims","treims9qe@i2i.jp"
"Austine","Revan","arevanr41@guardian.co.uk"
"Jacky","Richens","jrichensxbi@seattletimes.com"
"Boigie","Ringwood","bringwoodb39@opera.com"
"Herve","Rispin","hrispin4bz@ustream.tv"
"Riane","Rodson","rrodsonx7n@webs.com"
"Albertine","Roobottom","aroobottom43z@youku.com"
"Harris","Rossiter","hrossitere76@earthlink.net"
"Faunie","Rothschild","frothschildwhl@bing.com"
"Laverna","Rowler","lrowlerypn@sun.com"
"Krystalle","Roylance","kroylancef1j@domainmarket.com"
"Heindrick","Russilll","hrussilll3rq@dell.com"
"Donia","Ryves","dryvespns@illinois.edu"
"Melitta","Sacchetti","msacchettihqt@t-online.de"
"Judah","Sainsberry","jsainsberry8z6@bloomberg.com"
"Maren","Salmon","msalmonvae@cpanel.net"
"Guillaume","Sambiedge","gsambiedgeaz4@blogger.com"
"Gauthier","Samuel","gsamuelkfg@usnews.com"
"Octavia","Sang","osang963@cisco.com"
"Ber","Sanpher","bsanpher104d@mashable.com"
"Roxie","Sansam","rsansam2tv@cnet.com"
"Amalita","Savidge","asavidge6na@e-recht24.de"
"Gorden","Sazio","gsazioekf@ovh.net"
"Obadias","Scad","oscadrtj@adobe.com"
"Normie","Scamal","nscamal7ra@bigcartel.com"
"Nigel","Schnitter","nschnitterdis@mac.com"
"Elsy","Schoenfisch","eschoenfischmlv@slashdot.org"
"Lonee","Schonfeld","lschonfeld274@scribd.com"
"Sybilla","Schrei","sschrei7xk@sourceforge.net"
"Poul","Schruyers","pschruyersi4o@unicef.org"
"Hilarius","Scorah","hscorahj9h@google.co.jp"
"Noble","Scroggs","nscroggsjns@loc.gov"
"Bibi","Seawright","bseawright3qw@paypal.com"
"Dorine","Selesnick","dselesnickaue@microsoft.com"
"Far","Semiras","fsemiras39w@theatlantic.com"
"Tannie","Severs","tseverssiv@china.com.cn"
"Merna","Shakesbye","mshakesbyeb94@oaic.gov.au"
"Roosevelt","Shave","rshavensq@weebly.com"
"Hamlen","Shaxby","hshaxby3gm@shinystat.com"
"Georgeta","Sheryne","gsherynejyc@google.fr"
"Ardis","Shirer","ashirerknu@tmall.com"
"Albrecht","Shitliff","ashitliffm2q@fastcompany.com"
"Griffy","Shoebridge","gshoebridgeztb@cnbc.com"
"Yoshiko","Shorey","yshorey6q2@woothemes.com"
"Daphne","Shrimplin","dshrimplinbhz@oaic.gov.au"
"Flor","Siddens","fsiddensdy4@gizmodo.com"
"Gare","Simoes","gsimoesp5v@unblog.fr"
"Gallagher","Simonnot","gsimonnot825@merriam-webster.com"
"Tarah","Skelding","tskeldingq65@google.com.au"
"Pierce","Skeleton","pskeletoncf6@cnn.com"
"Thalia","Skipsea","tskipseadnu@blogger.com"
"Shaun","Smickle","ssmickleuf6@imgur.com"
"Dredi","Smiths","dsmiths10g2@goo.ne.jp"
"Yankee","Snar","ysnar10dw@moonfruit.com"
"Stanislaw","Sokell","ssokellk8a@howstuffworks.com"
"Lanni","Sommerville","lsommervilleecd@toplist.cz"
"Erna","Sothcott","esothcottz9v@mayoclinic.com"
"Stefan","Southwood","ssouthwoodjng@usatoday.com"
"Anica","Sparey","asparey10jh@cdc.gov"
"Katusha","Spawton","kspawtonx2e@alexa.com"
"Layton","Spolton","lspoltondr@free.fr"
"Aleta","Squire","asquirefgh@simplemachines.org"
"Freeland","Stalf","fstalfltt@cisco.com"
"Benny","Standage","bstandagest7@zdnet.com"
"Guinevere","Steabler","gsteablerah6@si.edu"
"Ronalda","Stife","rstifeas0@themeforest.net"
"Abagael","Stirling","astirling50d@google.fr"
"Darcee","St. John","dstjohnkra@paginegialle.it"
"Geoffrey","Stoaks","gstoaksjkq@redcross.org"
"Lauraine","Stobo","lstoboyea@live.com"
"Linn","Stockey","lstockeyvr8@springer.com"
"Ibrahim","Stoller","istollert0z@themeforest.net"
"Frans","Storrah","fstorrahvhq@npr.org"
"Bernardine","Stourton","bstourtonq0u@simplemachines.org"
"Violante","Stowe","vstowel1u@dedecms.com"
"Zachery","Straun","zstraunpnw@youtu.be"
"Cher","Strettle","cstrettleu30@yahoo.co.jp"
"Zelma","Stuehmeier","zstuehmeieroyn@domainmarket.com"
"Shaughn","Suckling","ssucklingc9u@pinterest.com"
"Andrey","Sussex","asussexmec@sphinn.com"
"Burch","Suston","bsustono9r@webmd.com"
"Damian","Suston","dsustonm2l@latimes.com"
"Vida","Swafield","vswafielduf9@oaic.gov.au"
"Bendix","Swettenham","bswettenhamwww@sakura.ne.jp"
"Chester","Swithenby","cswithenbyd46@google.com.br"
"Timotheus","Sword","tsword731@booking.com"
"Mona","Tailour","mtailourn99@opensource.org"
"Lacy","Tapin","ltapinj2h@behance.net"
"Abey","Tapping","atappingc96@shinystat.com"
"Linnell","Tawton","ltawton65g@vkontakte.ru"
"Kile","Temlett","ktemlettomt@myspace.com"
"Berkeley","Temple","btempleo0e@paypal.com"
"Blinni","Thal","bthalt00@noaa.gov"
"Starr","Thickin","sthickinuf7@discovery.com"
"Whitney","Thirsk","wthirskxng@yandex.ru"
"Timmy","Thorburn","tthorburnqwc@washingtonpost.com"
"Wendell","Tieraney","wtieraney11d8@yellowpages.com"
"Karlyn","Tilbey","ktilbeyjyj@epa.gov"
"Carma","Tilling","ctillinggpg@uol.com.br"
"Duncan","Tinklin","dtinklin6d8@huffingtonpost.com"
"Hartley","Tinto","htinto89f@jigsy.com"
"Franny","Tipping","ftipping110@skyrock.com"
"Gusti","Tombleson","gtombleson229@vkontakte.ru"
"Hagen","Tomczykiewicz","htomczykiewiczejd@woothemes.com"
"Harwilll","Tomsen","htomsenj6b@latimes.com"
"Irvine","Tongue","itonguea70@msn.com"
"Adella","Topliss","atoplisso4p@cnn.com"
"Hilary","Trask","htrask7dx@digg.com"
"Ferris","Traynor","ftraynorbin@alexa.com"
"Trixi","Trebilcock","ttrebilcocke3j@netvibes.com"
"Ardyce","Trenholme","atrenholmeuxs@edublogs.org"
"Casar","Triner","ctrinerz4r@bbb.org"
"Clary","Trippett","ctrippett9w4@indiatimes.com"
"Selig","Trousdale","strousdalelna@miitbeian.gov.cn"
"Letta","Troy","ltroyw7r@ow.ly"
"Suzy","Truelock","struelockype@yahoo.co.jp"
"Ransom","Truesdale","rtruesdaleoe7@wiley.com"
"Minetta","Trulocke","mtrulockezep@phpbb.com"
"Averil","Trusslove","atrusslovehwo@fema.gov"
"Casi","Trustey","ctrustey1pg@washington.edu"
"Freeland","Tummons","ftummonsdqp@edublogs.org"
"Julina","Tunnow","jtunnowtl8@google.co.jp"
"Demeter","Twelftree","dtwelftree3sw@reddit.com"
"Liam","Twyning","ltwyningniz@ebay.com"
"Zak","Ugolotti","zugolottio7i@ebay.co.uk"
"Timothy","Vallow","tvallowf8p@yelp.com"
"Malina","Van Arsdall","mvanarsdall6qd@tmall.com"
"Marla","Varey","mvareyvrw@newyorker.com"
"Major","Vasyukov","mvasyukovluf@pinterest.com"
"Magdalene","Veryard","mveryardss@behance.net"
"Pansy","Vial","pvialhq4@tmall.com"
"Barris","Vowell","bvowell882@mlb.com"
"Goober","Wakeman","gwakemanszw@google.ru"
"Ninon","Wales","nwaleshnt@multiply.com"
"Hailey","Wallace","hwallace5ia@home.pl"
"Homere","Walles","hwalles4y8@utexas.edu"
"Kally","Wankel","kwankel63e@exblog.jp"
"Kristofer","Wankling","kwanklinge4q@china.com.cn"
"Morton","Wantling","mwantlinggt5@mozilla.com"
"Zachery","Washtell","zwashtellzrc@cbslocal.com"
"Waneta","Wasiel","wwasielhgq@chron.com"
"Orel","Wastall","owastallywh@bloomberg.com"
"Peri","Wedge","pwedge7zz@noaa.gov"
"Mabel","Wetherby","mwetherbyokf@youtu.be"
"Elspeth","Whistlecraft","ewhistlecraftr0p@creativecommons.org"
"Bobina","Wickie","bwickieoc5@yahoo.com"
"Noelyn","Wiggins","nwigginsv10@illinois.edu"
"Nicolle","Wildbore","nwildborevbn@google.co.uk"
"Meyer","Windrus","mwindrusn21@sohu.com"
"Kort","Winsbury","kwinsburyqrh@devhub.com"
"Merl","Wisden","mwisdenrcy@ihg.com"
"Filmer","Witts","fwittsvjn@booking.com"
"Isabelita","Wolfendale","iwolfendalee4p@netvibes.com"
"Cherlyn","Wooddisse","cwooddissemai@ebay.com"
"Gallard","Wooller","gwoollern4w@cdc.gov"
"Shelden","Woollett","swoollett10d6@networksolutions.com"
"Kipp","Woolmore","kwoolmoren74@mapy.cz"
"Todd","Wych","twychwmh@shareasale.com"
"Horacio","Wyd","hwyd5fr@tinyurl.com"
"Filberto","Wyer","fwyerlm5@devhub.com"
"Renato","Wyllie","rwyllieec6@pcworld.com"
"Patrice","Yarker","pyarker5jv@diigo.com"
"Rawley","Yegorov","ryegorovd3@google.es"
"Maximilian","Yendle","myendlec48@cam.ac.uk"
"Christophorus","Yokelman","cyokelmansud@ibm.com"
"Michelina","Youdell","myoudellwbo@unc.edu"
